,error2019,error2020,name,alpha-2,sub-region
0,-0.0073497571096998535,-0.00516948704310371,Afghanistan,AF,Southern Asia
1,0.04941248244874544,0.04462469137399852,Albania,AL,Southern Europe
2,0.01873256107014093,0.01875033317216355,Algeria,DZ,Northern Africa
3,0.014394168429955499,0.018032655462398496,Angola,AO,Sub-Saharan Africa
4,0.01821329193916222,0.020025348507550493,Antigua and Barbuda,AG,Latin America and the Caribbean
5,0.00044327407578488505,0.0010113547611197054,Argentina,AR,Latin America and the Caribbean
6,-0.008864504546280703,-0.011368390184373162,Armenia,AM,Western Asia
7,0.018742861732991518,0.018857228657457408,Aruba,AW,Latin America and the Caribbean
8,0.025947781455689163,-0.012265171906650484,Australia,AU,Australia and New Zealand
9,-0.007790821698257151,0.08750669281897032,Austria,AT,Western Europe
10,-0.03649589811745051,0.292151457427789,Azerbaijan,AZ,Western Asia
11,0.015452821881948417,0.020187846000017252,Bahamas,BS,Latin America and the Caribbean
12,0.0177437680002718,0.023649187560879876,Bahrain,BH,Western Asia
13,0.022328403477805923,0.021693573540231745,Bangladesh,BD,Southern Asia
14,0.01374611542756503,0.012522403112306936,Barbados,BB,Latin America and the Caribbean
15,0.012067633179586767,0.020022561816408962,Belarus,BY,Eastern Europe
16,-0.012569541370006638,0.13353691333674686,Belgium,BE,Western Europe
17,0.018903080028780533,0.01992474647406209,Belize,BZ,Latin America and the Caribbean
18,-0.015616771190331164,-0.016034681824476895,Benin,BJ,Sub-Saharan Africa
19,0.03047648695117988,0.03036648913751438,Bhutan,BT,Southern Asia
20,0.017283792991790246,0.019600351059907917,Bolivia (Plurinational State of),BO,Latin America and the Caribbean
21,0.015323668684995517,0.01723301440747076,Bosnia and Herzegovina,BA,Southern Europe
22,0.011311670992747566,0.027108646134287172,Botswana,BW,Sub-Saharan Africa
23,0.028750163049376984,0.030006245184467747,Brazil,BR,Latin America and the Caribbean
24,0.05851317078254717,0.05998056819483979,Brunei Darussalam,BN,South-eastern Asia
25,-0.0024117924287934364,0.16549820773889104,Bulgaria,BG,Eastern Europe
26,-0.015793058642834593,-0.015674653534821902,Burkina Faso,BF,Sub-Saharan Africa
27,0.007500844510533158,0.008096535132824215,Burundi,BI,Sub-Saharan Africa
28,-0.013309018433439483,-0.010851191097237275,Cabo Verde,CV,Sub-Saharan Africa
29,0.02271707432108252,0.026462524354006988,Cambodia,KH,South-eastern Asia
30,-0.026854582211465774,-0.02136315584087667,Cameroon,CM,Sub-Saharan Africa
31,0.01669900358446284,0.06008821862213315,Canada,CA,Northern America
32,-0.03944067843295593,-0.028624479678721077,Central African Republic,CF,Sub-Saharan Africa
33,-0.007967880288568178,-0.007755222924023008,Chad,TD,Sub-Saharan Africa
34,0.039370763583832125,0.04099928306324759,Chile,CL,Latin America and the Caribbean
35,0.011219842826168395,0.00562426559826341,China,CN,Eastern Asia
36,0.027145783149088037,0.030630484513040533,Colombia,CO,Latin America and the Caribbean
37,-0.006361891339158314,-0.005642733439638653,Comoros,KM,Sub-Saharan Africa
38,0.0035665665517624827,0.01010044828261128,Congo,CG,Sub-Saharan Africa
39,-0.0060615409732645495,-0.003642047780902223,"Congo, Democratic Republic of the",CD,Sub-Saharan Africa
40,0.04670655494932544,0.04672279267908087,Costa Rica,CR,Latin America and the Caribbean
41,-0.03637441815180471,-0.031775737345737715,CÃ´te d'Ivoire,CI,Sub-Saharan Africa
42,-0.010691019468636235,0.10641661656350024,Croatia,HR,Southern Europe
43,0.018202618410810893,0.01619327188796523,Cuba,CU,Latin America and the Caribbean
44,0.022608688231693576,0.02421120507421316,Cyprus,CY,Western Asia
45,6.242417943569285e-05,0.14238498095189947,Czechia,CZ,Eastern Europe
46,0.005268749447670286,-0.013211962704849133,Denmark,DK,Northern Europe
47,-0.031330831378718615,-0.013056401635124244,Djibouti,DJ,Sub-Saharan Africa
48,0.01349806369937587,0.016062576073401433,Dominican Republic,DO,Latin America and the Caribbean
49,0.011414714600264964,0.013137116036176618,Ecuador,EC,Latin America and the Caribbean
50,-0.0019041162959347825,0.00027237419890300304,Egypt,EG,Northern Africa
51,0.01789835653998316,0.017957254635085726,El Salvador,SV,Latin America and the Caribbean
52,-0.022936897283081823,-0.022319070163623007,Equatorial Guinea,GQ,Sub-Saharan Africa
53,-0.007449431543137914,-0.005631156236418915,Eritrea,ER,Sub-Saharan Africa
54,-0.02572878755409856,-0.006845987752338531,Estonia,EE,Northern Europe
55,-0.07120638418670613,-0.04427963836499308,Eswatini,SZ,Sub-Saharan Africa
56,0.030176023908658662,0.028669909731283385,Ethiopia,ET,Sub-Saharan Africa
57,-0.04889898910743705,-0.10060097590662626,Faroe Islands,FO,Northern Europe
58,0.00211661874356321,0.007206781347010595,Fiji,FJ,Melanesia
59,0.009620564919571516,0.02281863460242025,Finland,FI,Northern Europe
60,0.001999759474239223,0.0900370360133777,France,FR,Western Europe
61,0.04045996081428677,0.04353473906892263,French Polynesia,PF,Polynesia
62,-0.031297928013291856,-0.0228923214044689,Gabon,GA,Sub-Saharan Africa
63,-0.026459880975267688,-0.029313611933570648,Gambia,GM,Sub-Saharan Africa
64,-0.016546331862347833,-0.014163179256630489,Georgia,GE,Western Asia
65,0.0020138654260155858,0.03823692212406187,Germany,DE,Western Europe
66,-0.01062644994034169,-0.0069611380714421954,Ghana,GH,Sub-Saharan Africa
67,0.011901602081046594,0.08406027740687239,Greece,GR,Southern Europe
68,-0.007453355611741266,-0.007276004245762946,Grenada,GD,Latin America and the Caribbean
69,0.02706144318491116,0.029180763052862456,Guam,GU,Micronesia
70,0.011677192201825348,0.012906726835500912,Guatemala,GT,Latin America and the Caribbean
71,-0.019119303790811445,-0.012107777525830477,Guinea,GN,Sub-Saharan Africa
72,-0.0035834721735726297,-0.001951463425207629,Guinea-Bissau,GW,Sub-Saharan Africa
73,0.02752274622356747,0.027942321242755613,Guyana,GY,Latin America and the Caribbean
74,-0.006614650899391055,-0.003101983206229238,Haiti,HT,Latin America and the Caribbean
75,0.018621666186297764,0.01941954994535956,Honduras,HN,Latin America and the Caribbean
76,0.027879554595472467,0.057221053560466965,Hong Kong,HK,Eastern Asia
77,-0.014161508989095448,0.08165320849614464,Hungary,HU,Eastern Europe
78,-0.03639842405579298,-0.027353315973185344,Iceland,IS,Northern Europe
79,0.01757171682527588,0.018631767055844465,India,IN,Southern Asia
80,0.01624180703239856,0.019839375316215126,Indonesia,ID,South-eastern Asia
81,0.021127997594418586,0.0172782875277783,Iran (Islamic Republic of),IR,Southern Asia
82,-0.0057448571652534,-0.0019068912584969738,Iraq,IQ,Western Asia
83,0.008430169512869169,0.008981226497490401,Ireland,IE,Northern Europe
84,-0.01414440674726372,0.06280755340391601,Israel,IL,Western Asia
85,0.03265054346670041,0.2322265174982703,Italy,IT,Southern Europe
86,0.007471180733141679,0.007913082287458089,Jamaica,JM,Latin America and the Caribbean
87,-0.002601093449068321,-0.009631041239508439,Japan,JP,Eastern Asia
88,0.017358735597888274,0.018785452071659818,Jordan,JO,Western Asia
89,0.003542623598815786,0.20152479910704618,Kazakhstan,KZ,Central Asia
90,0.0036231665889397964,0.013353869340635736,Kenya,KE,Sub-Saharan Africa
91,-0.0019098861307382557,0.003486493235664825,Kiribati,KI,Micronesia
92,0.028846409347661885,0.027072423174453113,Korea (Democratic People's Republic of),KP,Eastern Asia
93,0.018408522428940158,0.023634943778061274,"Korea, Republic of",KR,Eastern Asia
94,0.08738617493660986,0.09450733109506822,Kuwait,KW,Western Asia
95,-0.026639742723966915,0.18409539601358121,Kyrgyzstan,KG,Central Asia
96,0.014692220344137233,0.016355633214545404,Lao People's Democratic Republic,LA,South-eastern Asia
97,-0.014229328417194674,0.022684086608710564,Latvia,LV,Northern Europe
98,0.057160649495422586,0.058701871324415386,Lebanon,LB,Western Asia
99,-0.046768394865505485,-0.0359893025512794,Lesotho,LS,Sub-Saharan Africa
100,0.002490483751247427,0.009472642693960249,Liberia,LR,Sub-Saharan Africa
101,0.011214414856050013,0.015198477277762797,Libya,LY,Northern Africa
102,0.026767960337438442,0.2210449036793761,Liechtenstein,LI,Western Europe
103,-0.03544422173785682,0.10786076459325114,Lithuania,LT,Northern Europe
104,-0.025033044553256435,0.03300641358545957,Luxembourg,LU,Western Europe
105,0.04530196542902809,0.046741542382870864,Macao,MO,Eastern Asia
106,-0.0003712727016349172,0.0007701631561847652,Madagascar,MG,Sub-Saharan Africa
107,0.03832916920882273,0.04122536516678091,Malawi,MW,Sub-Saharan Africa
108,0.037424991204457275,0.039120143455688504,Malaysia,MY,South-eastern Asia
109,-0.0008749499288053206,0.011323140882119765,Maldives,MV,Southern Asia
110,-0.025340239306547805,-0.02172575007243494,Mali,ML,Sub-Saharan Africa
111,-0.04360694281533878,0.03639391453929732,Malta,MT,Southern Europe
112,-0.02111586566911778,-0.01818877072441883,Mauritania,MR,Sub-Saharan Africa
113,0.10788964708150638,0.02715533861469371,Mauritius,MU,Sub-Saharan Africa
114,0.03767636256252775,0.036294382628171376,Mexico,MX,Latin America and the Caribbean
115,0.016153756801237096,0.0210753820161827,Micronesia (Federated States of),FM,Micronesia
116,0.012757429679626564,0.012846154413353184,"Moldova, Republic of",MD,Eastern Europe
117,0.022359447372396094,0.021696418767596117,Mongolia,MN,Eastern Asia
118,-0.0022396192972873757,0.10152462518151059,Montenegro,ME,Southern Europe
119,0.01124605036673001,0.014400933881606562,Morocco,MA,Northern Africa
120,-0.020697033688829157,-0.0033565662382040494,Mozambique,MZ,Sub-Saharan Africa
121,0.008627489184661554,0.013618969331996644,Myanmar,MM,South-eastern Asia
122,0.015048187099584564,0.015381122223337556,Nepal,NP,Southern Asia
123,0.00630284603432025,0.09922949022440114,Netherlands,NL,Western Europe
124,0.056580037289401156,0.03399261442087528,New Caledonia,NC,Melanesia
125,-0.0076865552373208,-0.0567461108187526,New Zealand,NZ,Australia and New Zealand
126,0.020659262041946666,0.020803583938168477,Nicaragua,NI,Latin America and the Caribbean
127,0.007579324737704659,0.010608340062609968,Niger,NE,Sub-Saharan Africa
128,-0.01646404406603818,-0.013192711958370972,Nigeria,NG,Sub-Saharan Africa
129,-0.003545231825516455,0.29810698227480725,North Macedonia,MK,Southern Europe
130,-0.0014197493227880954,-0.014408191501213807,Norway,NO,Northern Europe
131,0.014400524553646307,0.023098834776346343,Oman,OM,Western Asia
132,-0.000994926889644759,-0.0011194777596123407,Pakistan,PK,Southern Asia
133,0.016591183613734472,0.01826897473318492,Panama,PA,Latin America and the Caribbean
134,-0.017827094079479022,-0.01337645191752898,Papua New Guinea,PG,Melanesia
135,0.016772149086157016,0.019237031409457216,Paraguay,PY,Latin America and the Caribbean
136,0.03504624598503065,0.03785633922527715,Peru,PE,Latin America and the Caribbean
137,0.018723624552050216,0.022721545986746777,Philippines,PH,South-eastern Asia
138,0.023157063212349893,0.16421143772005106,Poland,PL,Eastern Europe
139,0.036554810868046086,0.1181911613566276,Portugal,PT,Southern Europe
140,-0.008258319028124603,0.052290005483951844,Puerto Rico,PR,Latin America and the Caribbean
141,0.07410071605180489,0.08591085719896996,Qatar,QA,Western Asia
142,-0.0021934058390708747,0.131964667458169,Romania,RO,Eastern Europe
143,-0.015073309176051809,0.1609604509534279,Russian Federation,RU,Eastern Europe
144,-0.0014177394932453793,0.0021224993555038624,Rwanda,RW,Sub-Saharan Africa
145,0.025667378416995866,0.029338995655788108,Saint Lucia,LC,Latin America and the Caribbean
146,0.02176611444738354,0.014798241300921736,Saint Vincent and the Grenadines,VC,Latin America and the Caribbean
147,-0.01388906837534883,-0.005945147669270778,Samoa,WS,Polynesia
148,0.01347658759262623,0.016547528330782796,Sao Tome and Principe,ST,Sub-Saharan Africa
149,0.03031142139722461,0.03399213102869141,Saudi Arabia,SA,Western Asia
150,-0.02581053543426918,-0.024655484838749162,Senegal,SN,Sub-Saharan Africa
151,0.05326355079820943,-0.14573788273761906,Seychelles,SC,Sub-Saharan Africa
152,0.013196097910366094,0.013869968825270978,Sierra Leone,SL,Sub-Saharan Africa
153,0.00814039933682469,0.048167498417024425,Singapore,SG,South-eastern Asia
154,-0.00866333724665958,0.085521916026613,Slovakia,SK,Eastern Europe
155,0.0060548750013482925,0.1582859851378033,Slovenia,SI,Southern Europe
156,-0.007866570023492442,-0.003354113454814718,Solomon Islands,SB,Melanesia
157,-0.012139954962168385,-0.009279086702942143,Somalia,SO,Sub-Saharan Africa
158,-0.00668721632621019,-0.00273021323325111,South Africa,ZA,Sub-Saharan Africa
159,0.0084424139514215,0.006466012821873763,South Sudan,SS,Sub-Saharan Africa
160,-0.020463295399504512,0.1593783881460049,Spain,ES,Southern Europe
161,0.03340682688343072,0.034376450029426416,Sri Lanka,LK,Southern Asia
162,0.003256853844187906,0.002667072557158159,Sudan,SD,Northern Africa
163,0.017005983333035133,0.017793199226490274,Suriname,SR,Latin America and the Caribbean
164,-0.05448057815345926,0.050779642513704634,Sweden,SE,Northern Europe
165,-0.0022274587333521102,0.11161467295929672,Switzerland,CH,Western Europe
166,-0.06435894979160443,-0.08350611368434235,Syrian Arab Republic,SY,Western Asia
167,0.00048745403896125595,0.005667393412158674,Tajikistan,TJ,Central Asia
168,0.009145979818849714,0.01712096450127479,"Tanzania, United Republic of",TZ,Sub-Saharan Africa
169,0.04274482344416565,0.04585188070131171,Thailand,TH,South-eastern Asia
170,0.04482479559481107,0.043269039474664664,Timor-Leste,TL,South-eastern Asia
171,-0.019103454327097667,-0.019775028065470875,Togo,TG,Sub-Saharan Africa
172,-0.013900228380709216,-0.01563290127318781,Tonga,TO,Polynesia
173,0.017056847903911883,0.017300656288522398,Trinidad and Tobago,TT,Latin America and the Caribbean
174,0.00773124369526544,0.009401301387828541,Tunisia,TN,Northern Africa
175,0.021087745593515957,0.0246798473584081,Turkey,TR,Western Asia
176,0.0025392443973185283,0.004553628243091155,Turkmenistan,TM,Central Asia
177,0.029821782263120225,0.037142148268840505,Uganda,UG,Sub-Saharan Africa
178,0.009391768358434993,0.07113083053883343,Ukraine,UA,Eastern Europe
179,0.06148315972244941,0.07479847859832586,United Arab Emirates,AE,Western Asia
180,-0.018700722796666944,0.13513823268460526,United Kingdom of Great Britain and Northern Ireland,GB,Northern Europe
181,0.009799692139411575,0.19059651504834513,United States of America,US,Northern America
182,0.0020499797755932805,0.0018014147904506818,Uruguay,UY,Latin America and the Caribbean
183,-0.07766777029293485,0.08455208975288346,Uzbekistan,UZ,Central Asia
184,-0.018601131235545805,-0.019197115295334636,Vanuatu,VU,Melanesia
185,0.03802762044057753,0.024507506034378616,Venezuela (Bolivarian Republic of),VE,Latin America and the Caribbean
186,0.029691435343958218,0.029901452676446418,Viet Nam,VN,South-eastern Asia
187,0.054758015492848165,0.048547302337347095,Virgin Islands (U.S.),VI,Latin America and the Caribbean
188,0.019305823098381754,0.016515443266483413,Yemen,YE,Western Asia
189,0.03417907479531702,0.04043712508458568,Zambia,ZM,Sub-Saharan Africa
190,-0.025167087330516178,-0.015209959461898652,Zimbabwe,ZW,Sub-Saharan Africa
